Country,Countries with Green Jobs within their O&G Sectors
Mauritania,56.69642857
Iraq,43.96522902
Algeria,30.24296675
Saudi Arabia,29.01867813
Morocco,28.61111111
Somalia,25.34246575
Oman,24.56088706
Libya,23.05986696
Sudan,20.83333333
United Arab Emirates,17.74327237
Qatar,17.66855412
Yemen,17.60797342
Bahrain,15.68307793
Kuwait,15.12280379
Egypt,15.07166483
Tunisia,14.90636704
Syria,13.43283582
Jordan,12.49421564
,10.14907086
Palestine,8.86075949
Lebanon,8.19606268
